feature,structure,fold,n_pairs,rho,median_J,median_D_dB,p90_D_dB,high_similarity_pairs,high_sim_Dgt10_count
F4,compact,0,1330,-0.214143886545765,0.66771805358509,14.0883990999179,25.7589688926826,129,88
F4,compact,1,1843,-0.233154773329413,0.659937815280722,10.1076190068185,23.0958952635284,168,41
F4,compact,2,1576,-0.295534031090202,0.678720145288791,13.5006823103412,26.3542309074236,180,80
F4,compact,3,1654,-0.361983933510119,0.694754778413305,22.3543065556126,52.3509027518639,303,190
F4,compact,4,1619,-0.305185760914892,0.672163677983638,12.4152657007762,26.3963316055711,197,92
F4,compact,5,1584,-0.319046284056118,0.667610784129552,11.5066599369059,27.150294537133,192,53
F4,compact,6,1904,-0.220984903740916,0.671348574502629,11.8172422011177,25.8080001045348,191,74
F4,compact,7,1603,-0.160570181505099,0.674718671297503,17.6031510703277,48.3949193426491,160,99
F4,compact,8,1584,-0.443673309213423,0.684862806689728,12.4022394204952,25.6347109159669,233,73
F4,compact,9,1553,-0.360155702969081,0.676264404361764,14.1362409532589,30.4790448096647,180,54
F4,reference,0,949,-0.411603616556297,0.692429833481874,2.07619773881012,3.9017801428104,146,0
F4,reference,1,871,-0.566051250330975,0.665145095322946,2.35805008453918,4.78257296228777,112,0
F4,reference,2,978,-0.371083925441089,0.701993478729665,1.96455965482998,3.72155682828989,162,0
F4,reference,3,907,-0.46333758764568,0.673706708580967,5.06831710479533,9.45662346736884,136,2
F4,reference,4,994,-0.384398855444223,0.701783312581223,1.89606064761266,3.50021093845805,160,0
F4,reference,5,983,-0.358322266873242,0.693059092018432,2.18356338539877,3.7495264619179,156,0
F4,reference,6,995,-0.461302208114583,0.715094926220707,4.38639898807905,8.18001594052523,214,1
F4,reference,7,974,-0.364295930090325,0.690577412039189,2.11334175238487,3.77498577639143,161,0
F4,reference,8,985,-0.499239821786301,0.69515809625964,2.08246219829825,4.04247829646332,166,0
F4,reference,9,960,-0.477960452431046,0.683194850622447,2.12091905576829,4.33947619535413,141,0
F5,compact,0,1426,-0.295927886660415,0.641026492339855,14.8211139516011,26.0881271025728,59,34
F5,compact,1,1557,-0.367730635722428,0.666649319476066,10.0093806061827,20.1151352025981,171,37
F5,compact,2,1490,-0.337640105419932,0.657992571063195,13.5873216187394,25.0251027167643,98,35
F5,compact,3,1524,-0.366747696628123,0.670624013324179,12.8901290724057,25.0315765830919,187,71
F5,compact,4,1648,-0.262376283839212,0.637383459134412,12.1114498651942,24.1345842915542,64,21
F5,compact,5,1503,-0.28041244125908,0.639870799454729,12.0034553564758,22.253418864387,111,39
F5,compact,6,1743,-0.270769559633354,0.64540146926112,10.7599588821105,22.8601628087647,96,34
F5,compact,7,1523,-0.33181091546501,0.666600215904289,11.7586460128402,23.1580541536122,138,68
F5,compact,8,1556,-0.400650808024915,0.669941478219904,22.9130461468496,57.0470980839706,219,168
F5,compact,9,1264,-0.278581933363575,0.647785106475597,16.0310272732414,28.7224234709491,85,46
F5,reference,0,932,-0.439577897549345,0.708739199715979,1.62776314799113,3.25070841767162,186,0
F5,reference,1,926,-0.519091274377399,0.715469249692208,1.58774836209701,3.86760390115979,238,0
F5,reference,2,874,-0.303734980660976,0.692260053805783,1.78152197999943,3.42228390900911,124,0
F5,reference,3,943,-0.415478092237798,0.724296295156572,1.56647623549348,3.53531469225277,229,0
F5,reference,4,945,-0.376295587213995,0.708026970350922,1.61325867783696,3.61526158137886,195,0
F5,reference,5,905,-0.22720810723212,0.670974625823344,1.823885568118,3.46418343467287,152,0
F5,reference,6,928,-0.295414878779219,0.719906265218315,1.68681132849103,3.31741255458773,200,0
F5,reference,7,974,-0.371531180768768,0.726555123381441,1.5921885199981,3.49063780317817,242,0
F5,reference,8,925,-0.351772430476534,0.713222965922949,1.60310814043228,3.54669076973104,178,0
F5,reference,9,944,-0.522974490825022,0.717471217823198,1.46751917999635,3.46689750145124,205,0
