feature,structure,fold,threshold,n_draw_success,n_draw_fail,n_parent_rules,matched_count,total_parent_rule_slots,matched_fraction_success,matched_fraction_all_attempts,unmatched_count,matched_median_per_successful_draw
F4,compact,0,0.3,200,0,8,1531,1600,0.956875,0.956875,69,1
F4,compact,0,0.5,200,0,8,1330,1600,0.83125,0.83125,270,0.875
F4,compact,0,0.7,200,0,8,527,1600,0.329375,0.329375,1073,0.25
F4,compact,1,0.3,200,0,12,2250,2400,0.9375,0.9375,150,0.916666666666667
F4,compact,1,0.5,200,0,12,1843,2400,0.767916666666667,0.767916666666667,557,0.75
F4,compact,1,0.7,200,0,12,680,2400,0.283333333333333,0.283333333333333,1720,0.25
F4,compact,2,0.3,200,0,10,1875,2000,0.9375,0.9375,125,0.9
F4,compact,2,0.5,200,0,10,1576,2000,0.788,0.788,424,0.8
F4,compact,2,0.7,200,0,10,667,2000,0.3335,0.3335,1333,0.3
F4,compact,3,0.3,200,0,10,1908,2000,0.954,0.954,92,1
F4,compact,3,0.5,200,0,10,1654,2000,0.827,0.827,346,0.8
F4,compact,3,0.7,200,0,10,797,2000,0.3985,0.3985,1203,0.4
F4,compact,4,0.3,200,0,10,1863,2000,0.9315,0.9315,137,0.9
F4,compact,4,0.5,200,0,10,1619,2000,0.8095,0.8095,381,0.8
F4,compact,4,0.7,200,0,10,653,2000,0.3265,0.3265,1347,0.3
F4,compact,5,0.3,200,0,10,1865,2000,0.9325,0.9325,135,0.9
F4,compact,5,0.5,200,0,10,1584,2000,0.792,0.792,416,0.8
F4,compact,5,0.7,200,0,10,633,2000,0.3165,0.3165,1367,0.3
F4,compact,6,0.3,200,0,12,2266,2400,0.944166666666667,0.944166666666667,134,0.916666666666667
F4,compact,6,0.5,200,0,12,1904,2400,0.793333333333333,0.793333333333333,496,0.833333333333333
F4,compact,6,0.7,200,0,12,745,2400,0.310416666666667,0.310416666666667,1655,0.333333333333333
F4,compact,7,0.3,200,0,10,1878,2000,0.939,0.939,122,0.9
F4,compact,7,0.5,200,0,10,1603,2000,0.8015,0.8015,397,0.8
F4,compact,7,0.7,200,0,10,667,2000,0.3335,0.3335,1333,0.3
F4,compact,8,0.3,200,0,10,1867,2000,0.9335,0.9335,133,0.9
F4,compact,8,0.5,200,0,10,1584,2000,0.792,0.792,416,0.8
F4,compact,8,0.7,200,0,10,708,2000,0.354,0.354,1292,0.4
F4,compact,9,0.3,200,0,10,1899,2000,0.9495,0.9495,101,1
F4,compact,9,0.5,200,0,10,1553,2000,0.7765,0.7765,447,0.8
F4,compact,9,0.7,200,0,10,658,2000,0.329,0.329,1342,0.3
F4,reference,0,0.3,200,0,6,1124,1200,0.936666666666667,0.936666666666667,76,1
F4,reference,0,0.5,200,0,6,949,1200,0.790833333333333,0.790833333333333,251,0.833333333333333
F4,reference,0,0.7,200,0,6,452,1200,0.376666666666667,0.376666666666667,748,0.333333333333333
F4,reference,1,0.3,200,0,6,1072,1200,0.893333333333333,0.893333333333333,128,0.833333333333333
F4,reference,1,0.5,200,0,6,871,1200,0.725833333333333,0.725833333333333,329,0.833333333333333
F4,reference,1,0.7,200,0,6,341,1200,0.284166666666667,0.284166666666667,859,0.333333333333333
F4,reference,2,0.3,200,0,6,1142,1200,0.951666666666667,0.951666666666667,58,1
F4,reference,2,0.5,200,0,6,978,1200,0.815,0.815,222,0.833333333333333
F4,reference,2,0.7,200,0,6,496,1200,0.413333333333333,0.413333333333333,704,0.333333333333333
F4,reference,3,0.3,200,0,6,1105,1200,0.920833333333333,0.920833333333333,95,1
F4,reference,3,0.5,200,0,6,907,1200,0.755833333333333,0.755833333333333,293,0.833333333333333
F4,reference,3,0.7,200,0,6,375,1200,0.3125,0.3125,825,0.333333333333333
F4,reference,4,0.3,200,0,6,1134,1200,0.945,0.945,66,1
F4,reference,4,0.5,200,0,6,994,1200,0.828333333333333,0.828333333333333,206,0.833333333333333
F4,reference,4,0.7,200,0,6,505,1200,0.420833333333333,0.420833333333333,695,0.333333333333333
F4,reference,5,0.3,200,0,6,1128,1200,0.94,0.94,72,1
F4,reference,5,0.5,200,0,6,983,1200,0.819166666666667,0.819166666666667,217,0.833333333333333
F4,reference,5,0.7,200,0,6,467,1200,0.389166666666667,0.389166666666667,733,0.333333333333333
F4,reference,6,0.3,200,0,6,1122,1200,0.935,0.935,78,1
F4,reference,6,0.5,200,0,6,995,1200,0.829166666666667,0.829166666666667,205,0.833333333333333
F4,reference,6,0.7,200,0,6,537,1200,0.4475,0.4475,663,0.333333333333333
F4,reference,7,0.3,200,0,6,1113,1200,0.9275,0.9275,87,1
F4,reference,7,0.5,200,0,6,974,1200,0.811666666666667,0.811666666666667,226,0.833333333333333
F4,reference,7,0.7,200,0,6,466,1200,0.388333333333333,0.388333333333333,734,0.333333333333333
F4,reference,8,0.3,200,0,6,1119,1200,0.9325,0.9325,81,1
F4,reference,8,0.5,200,0,6,985,1200,0.820833333333333,0.820833333333333,215,0.833333333333333
F4,reference,8,0.7,200,0,6,484,1200,0.403333333333333,0.403333333333333,716,0.333333333333333
F4,reference,9,0.3,200,0,6,1111,1200,0.925833333333333,0.925833333333333,89,1
F4,reference,9,0.5,200,0,6,960,1200,0.8,0.8,240,0.833333333333333
F4,reference,9,0.7,200,0,6,428,1200,0.356666666666667,0.356666666666667,772,0.333333333333333
F5,compact,0,0.3,199,1,10,1829,2000,0.919095477386935,0.9145,161,0.9
F5,compact,0,0.5,199,1,10,1426,2000,0.716582914572864,0.713,564,0.7
F5,compact,0,0.7,199,1,10,406,2000,0.204020100502513,0.203,1584,0.2
F5,compact,1,0.3,200,0,10,1850,2000,0.925,0.925,150,0.9
F5,compact,1,0.5,200,0,10,1557,2000,0.7785,0.7785,443,0.8
F5,compact,1,0.7,200,0,10,604,2000,0.302,0.302,1396,0.3
F5,compact,2,0.3,200,0,10,1864,2000,0.932,0.932,136,0.9
F5,compact,2,0.5,200,0,10,1490,2000,0.745,0.745,510,0.8
F5,compact,2,0.7,200,0,10,491,2000,0.2455,0.2455,1509,0.2
F5,compact,3,0.3,200,0,10,1860,2000,0.93,0.93,140,0.9
F5,compact,3,0.5,200,0,10,1524,2000,0.762,0.762,476,0.8
F5,compact,3,0.7,200,0,10,607,2000,0.3035,0.3035,1393,0.3
F5,compact,4,0.3,200,0,12,2185,2400,0.910416666666667,0.910416666666667,215,0.916666666666667
F5,compact,4,0.5,200,0,12,1648,2400,0.686666666666667,0.686666666666667,752,0.666666666666667
F5,compact,4,0.7,200,0,12,418,2400,0.174166666666667,0.174166666666667,1982,0.166666666666667
F5,compact,5,0.3,200,0,10,1851,2000,0.9255,0.9255,149,0.9
F5,compact,5,0.5,200,0,10,1503,2000,0.7515,0.7515,497,0.8
F5,compact,5,0.7,200,0,10,472,2000,0.236,0.236,1528,0.2
F5,compact,6,0.3,200,0,12,2215,2400,0.922916666666667,0.922916666666667,185,0.916666666666667
F5,compact,6,0.5,200,0,12,1743,2400,0.72625,0.72625,657,0.75
F5,compact,6,0.7,200,0,12,496,2400,0.206666666666667,0.206666666666667,1904,0.166666666666667
F5,compact,7,0.3,200,0,10,1865,2000,0.9325,0.9325,135,0.9
F5,compact,7,0.5,200,0,10,1523,2000,0.7615,0.7615,477,0.8
F5,compact,7,0.7,200,0,10,583,2000,0.2915,0.2915,1417,0.3
F5,compact,8,0.3,200,0,10,1856,2000,0.928,0.928,144,0.9
F5,compact,8,0.5,200,0,10,1556,2000,0.778,0.778,444,0.8
F5,compact,8,0.7,200,0,10,646,2000,0.323,0.323,1354,0.3
F5,compact,9,0.3,200,0,8,1520,1600,0.95,0.95,80,1
F5,compact,9,0.5,200,0,8,1264,1600,0.79,0.79,336,0.75
F5,compact,9,0.7,200,0,8,401,1600,0.250625,0.250625,1199,0.25
F5,reference,0,0.3,200,0,6,1130,1200,0.941666666666667,0.941666666666667,70,1
F5,reference,0,0.5,200,0,6,932,1200,0.776666666666667,0.776666666666667,268,0.833333333333333
F5,reference,0,0.7,200,0,6,490,1200,0.408333333333333,0.408333333333333,710,0.333333333333333
F5,reference,1,0.3,200,0,6,1113,1200,0.9275,0.9275,87,1
F5,reference,1,0.5,200,0,6,926,1200,0.771666666666667,0.771666666666667,274,0.833333333333333
F5,reference,1,0.7,200,0,6,495,1200,0.4125,0.4125,705,0.333333333333333
F5,reference,2,0.3,199,1,6,1085,1200,0.908710217755444,0.904166666666667,109,0.833333333333333
F5,reference,2,0.5,199,1,6,874,1200,0.731993299832496,0.728333333333333,320,0.666666666666667
F5,reference,2,0.7,199,1,6,410,1200,0.343383584589615,0.341666666666667,784,0.333333333333333
F5,reference,3,0.3,200,0,6,1118,1200,0.931666666666667,0.931666666666667,82,1
F5,reference,3,0.5,200,0,6,943,1200,0.785833333333333,0.785833333333333,257,0.833333333333333
F5,reference,3,0.7,200,0,6,556,1200,0.463333333333333,0.463333333333333,644,0.5
F5,reference,4,0.3,200,0,6,1135,1200,0.945833333333333,0.945833333333333,65,1
F5,reference,4,0.5,200,0,6,945,1200,0.7875,0.7875,255,0.833333333333333
F5,reference,4,0.7,200,0,6,488,1200,0.406666666666667,0.406666666666667,712,0.333333333333333
F5,reference,5,0.3,200,0,6,1114,1200,0.928333333333333,0.928333333333333,86,1
F5,reference,5,0.5,200,0,6,905,1200,0.754166666666667,0.754166666666667,295,0.833333333333333
F5,reference,5,0.7,200,0,6,382,1200,0.318333333333333,0.318333333333333,818,0.333333333333333
F5,reference,6,0.3,200,0,6,1136,1200,0.946666666666667,0.946666666666667,64,1
F5,reference,6,0.5,200,0,6,928,1200,0.773333333333333,0.773333333333333,272,0.833333333333333
F5,reference,6,0.7,200,0,6,524,1200,0.436666666666667,0.436666666666667,676,0.5
F5,reference,7,0.3,200,0,6,1121,1200,0.934166666666667,0.934166666666667,79,1
F5,reference,7,0.5,200,0,6,974,1200,0.811666666666667,0.811666666666667,226,0.833333333333333
F5,reference,7,0.7,200,0,6,557,1200,0.464166666666667,0.464166666666667,643,0.5
F5,reference,8,0.3,200,0,6,1118,1200,0.931666666666667,0.931666666666667,82,1
F5,reference,8,0.5,200,0,6,925,1200,0.770833333333333,0.770833333333333,275,0.833333333333333
F5,reference,8,0.7,200,0,6,510,1200,0.425,0.425,690,0.5
F5,reference,9,0.3,200,0,6,1120,1200,0.933333333333333,0.933333333333333,80,1
F5,reference,9,0.5,200,0,6,944,1200,0.786666666666667,0.786666666666667,256,0.833333333333333
F5,reference,9,0.7,200,0,6,527,1200,0.439166666666667,0.439166666666667,673,0.333333333333333
