feature,structure,fold,R,n_parent_rows,n_parent_groups,B_attempt,B_success,B_failure,matched_pairs_0p5,full_match_n_draws
F4,compact,0,8,1357,96,200,200,0,1330,35
F4,compact,1,12,1357,96,200,200,0,1843,8
F4,compact,2,10,1349,95,200,200,0,1576,11
F4,compact,3,10,1349,95,200,200,0,1654,27
F4,compact,4,10,1350,95,200,200,0,1619,16
F4,compact,5,10,1350,95,200,200,0,1584,8
F4,compact,6,12,1350,95,200,200,0,1904,10
F4,compact,7,10,1358,96,200,200,0,1603,14
F4,compact,8,10,1358,96,200,200,0,1584,9
F4,compact,9,10,1349,95,200,200,0,1553,6
F4,reference,0,6,1357,96,200,200,0,949,63
F4,reference,1,6,1357,96,200,200,0,871,26
F4,reference,2,6,1349,95,200,200,0,978,77
F4,reference,3,6,1349,95,200,200,0,907,37
F4,reference,4,6,1350,95,200,200,0,994,82
F4,reference,5,6,1350,95,200,200,0,983,77
F4,reference,6,6,1350,95,200,200,0,995,69
F4,reference,7,6,1358,96,200,200,0,974,58
F4,reference,8,6,1358,96,200,200,0,985,72
F4,reference,9,6,1349,95,200,200,0,960,57
F5,compact,0,10,1357,96,200,199,1,1426,1
F5,compact,1,10,1357,96,200,200,0,1557,12
F5,compact,2,10,1349,95,200,200,0,1490,8
F5,compact,3,10,1349,95,200,200,0,1524,12
F5,compact,4,12,1350,95,200,200,0,1648,2
F5,compact,5,10,1350,95,200,200,0,1503,12
F5,compact,6,12,1350,95,200,200,0,1743,1
F5,compact,7,10,1358,96,200,200,0,1523,8
F5,compact,8,10,1358,96,200,200,0,1556,14
F5,compact,9,8,1349,95,200,200,0,1264,15
F5,reference,0,6,1357,96,200,200,0,932,60
F5,reference,1,6,1357,96,200,200,0,926,55
F5,reference,2,6,1349,95,200,199,1,874,26
F5,reference,3,6,1349,95,200,200,0,943,59
F5,reference,4,6,1350,95,200,200,0,945,55
F5,reference,5,6,1350,95,200,200,0,905,40
F5,reference,6,6,1350,95,200,200,0,928,50
F5,reference,7,6,1358,96,200,200,0,974,80
F5,reference,8,6,1358,96,200,200,0,925,49
F5,reference,9,6,1349,95,200,200,0,944,67
