feature,structure,threshold,median_fold_match_fraction,min_fold_match_fraction,max_fold_match_fraction,total_successful_matches,total_parent_rule_attempt_slots,n_fit_failures,pairs_with_function_evaluations,median_fold_spearman_rho,median_fold_D_dB,median_fold_p90_D_dB
F4,compact,0.3,0.93825,0.9315,0.956875,19202,20400,0,,,,
F4,compact,0.5,0.792666666666667,0.767916666666667,0.83125,16250,20400,0,16250,-0.300359896002547,12.9579740055587,26.3752812564974
F4,compact,0.7,0.3291875,0.283333333333333,0.3985,6735,20400,0,,,,
F4,reference,0.3,0.93375,0.893333333333333,0.951666666666667,11170,12000,0,,,,
F4,reference,0.5,0.813333333333333,0.725833333333333,0.829166666666667,9596,12000,0,9596,-0.43645291233544,2.11713040407658,3.97212921963686
F4,reference,0.7,0.38875,0.284166666666667,0.4475,4551,12000,0,,,,
F5,compact,0.3,0.92675,0.910416666666667,0.95,18895,20400,1,,,,
F5,compact,0.5,0.7565,0.686666666666667,0.79,15234,20400,1,15234,-0.313869401062713,12.5007894688,24.5798435041592
F5,compact,0.7,0.2480625,0.174166666666667,0.323,5124,20400,1,,,,
F5,reference,0.3,0.9325,0.908710217755444,0.946666666666667,11190,12000,1,,,,
F5,reference,0.5,0.775,0.731993299832496,0.811666666666667,9296,12000,1,9296,-0.373913383991382,1.60818340913462,3.47876765231471
F5,reference,0.7,0.41875,0.318333333333333,0.464166666666667,4939,12000,1,,,,
