feature,structure,fold,cutoff,matched_pairs,nonempty_pairs,empty_pairs,median_D_parent_dB,median_D_parent_eligible_dB,median_D_common_dB,p90_D_common_dB,median_paired_delta_dB,median_row_retention,median_group_retention,rho_parent,rho_common,high_J_n,high_J_Dgt10
F4,compact,0,0.05,1330,1330,0,14.95441720535312,14.95441720535312,14.3372597872166,26.73920355064687,-0.281562943939889,0.8156402492950858,0.8260869565217391,-0.2114311503234158,-0.1929566433888167,129,94
F4,compact,0,0.1,1330,1330,0,14.0883990999179,14.0883990999179,13.36452572791171,24.64073564097422,-0.3665676926542663,0.8346883468834688,0.8620689655172413,-0.2141438865457651,-0.1900053899973386,129,86
F4,compact,0,0.2,1330,1330,0,12.43362847017127,12.43362847017127,11.75192468704725,22.16349289603131,-0.2202420096397326,0.8395260431037126,0.8857142857142857,-0.2321551258295765,-0.1957927544301834,129,74
F4,compact,1,0.05,1843,1843,0,11.19704587931183,11.19704587931183,10.30157123637223,23.2078483183055,-0.3814807694521791,0.81875,0.859375,-0.2411032671049299,-0.1969861217733203,168,46
F4,compact,1,0.1,1843,1843,0,10.10761900681853,10.10761900681853,9.28486796893668,21.269238485654,-0.3427133792104406,0.822463768115942,0.896551724137931,-0.2331547733294132,-0.1912441096072115,168,40
F4,compact,1,0.2,1843,1843,0,8.820318455019075,8.820318455019075,8.225119626293257,18.54814262278172,-0.3236245424905837,0.8258064516129032,0.8888888888888888,-0.2340466845342837,-0.1898858294539766,168,32
F4,compact,2,0.05,1576,1576,0,15.03319909148153,15.03319909148153,13.97264895113361,27.13222774178124,-0.4646784387951066,0.8096342945530881,0.8019607843137255,-0.2925042990940136,-0.2641062168601125,180,96
F4,compact,2,0.1,1576,1576,0,13.50068231034119,13.50068231034119,12.60712368968521,25.17058929813174,-0.325776325794755,0.844,0.88,-0.2955340310902018,-0.2646429510262722,180,76
F4,compact,2,0.2,1576,1576,0,11.58919778503293,11.58919778503293,11.02260625920289,21.35618766490262,-0.2110955979780695,0.8351063829787234,0.9130434782608696,-0.3215588233626082,-0.2748988764492725,180,65
F4,compact,3,0.05,1654,1654,0,25.23955273903842,25.23955273903842,22.86314942789043,55.45430856642528,-0.8865733889647345,0.8352941176470589,0.8571428571428571,-0.3651083600340297,-0.3399681932703073,303,199
F4,compact,3,0.1,1654,1654,0,22.35430655561255,22.35430655561255,20.65565499853103,49.75823354790041,-0.600193906356882,0.8561647022332506,0.9074074074074074,-0.3619839335101192,-0.3356116224452118,303,187
F4,compact,3,0.2,1654,1654,0,19.36830770412169,19.36830770412169,17.72078257637904,42.48716093264704,-0.6242600790748067,0.8304939345609201,0.8823529411764706,-0.3736272898078339,-0.3383898345814425,303,173
F4,compact,4,0.05,1619,1619,0,13.69811138632175,13.69811138632175,12.86320337597563,27.50033786257947,-0.3326516471324776,0.8323424494649228,0.8409090909090909,-0.299476456401751,-0.2868193555011327,197,105
F4,compact,4,0.1,1619,1619,0,12.41526570077619,12.41526570077619,11.7806337010379,25.3357493869909,-0.2909341510221299,0.8455284552845529,0.9,-0.3051857609148921,-0.2894930205073734,197,86
F4,compact,4,0.2,1619,1619,0,10.76402947800055,10.76402947800055,10.22246850631154,22.46755725880229,-0.1882387911586001,0.831275720164609,0.8918918918918919,-0.3169314556740297,-0.3006233292067991,197,63
F4,compact,5,0.05,1584,1584,0,12.64259782727877,12.64259782727877,11.84035126168589,27.59676704552341,-0.3404496644004325,0.8081841432225064,0.8125,-0.3086874673266761,-0.2823323649015991,192,72
F4,compact,5,0.1,1584,1584,0,11.5066599369059,11.5066599369059,10.72122761973591,25.73346386586608,-0.2457978435091195,0.8382352941176471,0.9,-0.3190462840561184,-0.278210080663594,192,52
F4,compact,5,0.2,1584,1584,0,10.43885626321165,10.43885626321165,9.606928901960194,23.10252756369272,-0.1707228939809667,0.821917808219178,0.875,-0.3251861907685514,-0.2799160893788153,192,40
F4,compact,6,0.05,1904,1904,0,12.88688996800986,12.88688996800986,11.96637982746779,25.54417787849273,-0.4819602493130146,0.8226051079716601,0.8421052631578947,-0.2119611538078929,-0.1840959377697645,191,81
F4,compact,6,0.1,1904,1904,0,11.81724220111768,11.81724220111768,11.09447863358885,23.92550246790665,-0.2635915687448702,0.8364061172472388,0.8888888888888888,-0.2209849037409163,-0.1867673075825801,191,73
F4,compact,6,0.2,1904,1904,0,10.5247329068995,10.5247329068995,10.04693748326176,22.32251771148701,-0.1280150684533345,0.8269230769230769,0.8642506142506143,-0.223394335452744,-0.1763899468286534,191,62
F4,compact,7,0.05,1603,1603,0,19.56365741969908,19.56365741969908,17.40802378682459,48.4830807325143,-0.8600938032430547,0.8224101479915433,0.8205128205128205,-0.1579985441919954,-0.1243368747576924,160,107
F4,compact,7,0.1,1603,1603,0,17.60315107032774,17.60315107032774,15.87084109718536,45.60114914706894,-0.8510839881733112,0.8263565891472868,0.8611111111111112,-0.1605701815050995,-0.1236164578611905,160,94
F4,compact,7,0.2,1603,1603,0,15.05190801179423,15.05190801179423,13.70486364472582,39.10329449131711,-0.6248956297924115,0.8122270742358079,0.8620689655172413,-0.1641153843762723,-0.1147221577855288,160,85
F4,compact,8,0.05,1584,1584,0,13.29410971497643,13.29410971497643,12.62378035174236,25.51808743773386,-0.2298985066680568,0.8503793321455256,0.8809523809523809,-0.4502511690535667,-0.4271563155825358,233,82
F4,compact,8,0.1,1584,1584,0,12.40223942049516,12.40223942049516,11.37071248940182,24.26724830174498,-0.2220545918167502,0.8345565544076211,0.875,-0.4436733092134229,-0.4240386834038627,233,64
F4,compact,8,0.2,1584,1584,0,10.23644221806492,10.23644221806492,9.787909284553105,21.10998476978552,-0.1079644549738112,0.8473684210526315,0.92,-0.4571547702705648,-0.435911757915859,233,47
F4,compact,9,0.05,1553,1553,0,15.55221204953127,15.55221204953127,14.86216185852943,30.96257444967239,-0.500511792316761,0.8352201257861636,0.8333333333333334,-0.3600545361893535,-0.3326283397852559,180,77
F4,compact,9,0.1,1553,1553,0,14.13624095325894,14.13624095325894,13.44186949032779,28.83003492649497,-0.3440790211168192,0.8490566037735849,0.9,-0.3601557029690805,-0.3312836837607651,180,53
F4,compact,9,0.2,1553,1553,0,12.39178610198471,12.39178610198471,11.72012488630893,24.98322425123965,-0.2855019591548889,0.8308457711442786,0.8888888888888888,-0.3702315067049767,-0.3282845246205155,180,38
F4,reference,0,0.05,949,949,0,2.187700883352709,2.187700883352709,2.009041059259979,3.558328430362315,-0.09084834362060379,0.8337349397590361,0.8571428571428571,-0.4134680146498752,-0.383263114369135,146,0
F4,reference,0,0.1,949,949,0,2.076197738810127,2.076197738810127,1.91527238284506,3.38709556981861,-0.08077311967225809,0.8513931888544891,0.8571428571428571,-0.4116036165562965,-0.3768132520013002,146,0
F4,reference,0,0.2,949,949,0,1.958216441086795,1.958216441086795,1.810294395757548,3.226339024922504,-0.06671513272039298,0.8591065292096219,0.8695652173913043,-0.4039019438393371,-0.3592684329168682,146,0
F4,reference,1,0.05,871,871,0,2.550008381939833,2.550008381939833,2.316574980451883,4.499584361345256,-0.08126935231767174,0.8475452196382429,0.8372093023255814,-0.5543325278554542,-0.5310498283652916,112,0
F4,reference,1,0.1,871,871,0,2.358050084539177,2.358050084539177,2.226786968720112,4.235095372467974,-0.030352108557687,0.8396739130434783,0.9032258064516128,-0.5660512503309747,-0.5274533084946377,112,0
F4,reference,1,0.2,871,871,0,2.326624476961284,2.326624476961284,2.155189164396853,4.126617171563588,-0.04965017992735388,0.8238482384823849,0.8928571428571429,-0.5612517438602137,-0.5172940447060199,112,0
F4,reference,2,0.05,978,978,0,2.088178341621314,2.088178341621314,1.945428606125432,3.394276493798452,-0.09335304060702154,0.8306636155606407,0.851063829787234,-0.3785045288199203,-0.3309352414160392,162,0
F4,reference,2,0.1,978,978,0,1.964559654829982,1.964559654829982,1.824594210776556,3.238198912116556,-0.05748034726651896,0.8339538272331097,0.8648648648648649,-0.3710839254410885,-0.3184008626080533,162,0
F4,reference,2,0.2,978,978,0,1.858099105716871,1.858099105716871,1.71000180526807,3.071753651349773,-0.05615578727402193,0.8471185737976783,0.8642506142506143,-0.346650534884867,-0.2985155887658961,162,0
F4,reference,3,0.05,907,907,0,5.394633925707673,5.394633925707673,4.775685034851948,9.102985002873687,-0.1890326748537881,0.8239795918367347,0.8604651162790697,-0.4486194242322882,-0.4068285653437835,136,2
F4,reference,3,0.1,907,907,0,5.068317104795327,5.068317104795327,4.448796698979988,8.585590828183575,-0.2182265159910961,0.8366197183098592,0.8484848484848485,-0.4633375876456803,-0.4134130462312056,136,2
F4,reference,3,0.2,907,907,0,4.48183430636235,4.48183430636235,4.044005528875012,7.212571023187466,-0.2014429961723145,0.8321917808219178,0.8695652173913043,-0.4675473400941079,-0.3960165284200106,136,1
F4,reference,4,0.05,994,994,0,1.952595895153205,1.952595895153205,1.841014758667519,3.202926083912613,-0.07310213343638394,0.8376288659793815,0.8709677419354839,-0.3873023686151278,-0.3380370825050501,160,0
F4,reference,4,0.1,994,994,0,1.896060647612663,1.896060647612663,1.764704312208167,3.072759028377888,-0.07747781867367487,0.8414108988412152,0.8709677419354839,-0.384398855444223,-0.3296183238891974,160,0
F4,reference,4,0.2,994,994,0,1.783184615119082,1.783184615119082,1.668814270966856,2.962455190248687,-0.06467120586722341,0.8381076712669402,0.875,-0.378602141626574,-0.3103148426455742,160,0
F4,reference,5,0.05,983,983,0,2.257174731529344,2.257174731529344,2.075445791792883,3.556808060522258,-0.0917993254048679,0.8270676691729323,0.8648648648648649,-0.3609430332037262,-0.2957846603222948,156,0
F4,reference,5,0.1,983,983,0,2.183563385398769,2.183563385398769,1.978916515867793,3.288432398923045,-0.08453392019822692,0.847457627118644,0.8666666666666667,-0.3583222668732417,-0.2914083025764154,156,0
F4,reference,5,0.2,983,983,0,2.030013836715658,2.030013836715658,1.840476216490241,3.244442057540803,-0.08101629304674307,0.8493975903614458,0.8888888888888888,-0.3663659439622658,-0.2852095225914209,156,0
F4,reference,6,0.05,995,995,0,4.814957424241928,4.814957424241928,4.442839968609698,7.676688418335069,-0.1640794299151289,0.8521594684385382,0.8852459016393442,-0.4457296543077561,-0.4325793472465232,214,1
F4,reference,6,0.1,995,995,0,4.386398988079045,4.386398988079045,4.134624043104194,7.06707141002275,-0.1063481728281213,0.8735632183908046,0.8787878787878788,-0.4613022081145833,-0.4453257536378896,214,1
F4,reference,6,0.2,995,995,0,3.931104691035221,3.931104691035221,3.70168714027873,6.054896320955489,-0.1229065734594239,0.8741721854304636,0.9130434782608696,-0.4770646887926823,-0.4577000904744322,214,0
F4,reference,7,0.05,974,974,0,2.156713445355741,2.156713445355741,2.02137581367012,3.537413163740391,-0.07897778368463571,0.8369304556354916,0.8611111111111112,-0.3643662540464278,-0.319432038276232,161,0
F4,reference,7,0.1,974,974,0,2.113341752384875,2.113341752384875,1.920288102672162,3.405829233443587,-0.08852433078741273,0.8458160074783225,0.8596491228070176,-0.3642959300903255,-0.31759584926323,161,0
F4,reference,7,0.2,974,974,0,1.981403492055827,1.981403492055827,1.826102073022835,3.271812593390597,-0.08190777873939048,0.8485804416403786,0.8787878787878788,-0.3733066820907514,-0.3198160603227597,161,0
F4,reference,8,0.05,985,985,0,2.193811582912314,2.193811582912314,2.048818232968148,3.644008551661804,-0.08897041057646837,0.8455743879472694,0.8653846153846154,-0.5032936535541157,-0.4518918191313276,166,0
F4,reference,8,0.1,985,985,0,2.082462198298245,2.082462198298245,1.940201187890879,3.475077650754856,-0.06621278634905792,0.8579234972677595,0.896551724137931,-0.4992398217863008,-0.4425149442699213,166,0
F4,reference,8,0.2,985,985,0,2.02288527292411,2.02288527292411,1.860769308301422,3.28918185017736,-0.101229620881818,0.8559322033898306,0.8666666666666667,-0.484107641938231,-0.4210888429093103,166,0
F4,reference,9,0.05,960,960,0,2.237430896007209,2.237430896007209,2.083275694193683,4.238239308635899,-0.05367481708906779,0.8450785163913004,0.8333333333333334,-0.4733933359302689,-0.465753787710273,141,0
F4,reference,9,0.1,960,960,0,2.120919055768288,2.120919055768288,1.980576583248818,3.916036380966079,-0.05900439433780602,0.8482490272373541,0.8709677419354839,-0.4779604524310463,-0.465569054436908,141,0
F4,reference,9,0.2,960,960,0,2.01869627763992,2.01869627763992,1.89561873026756,3.640540584474333,-0.04116582190132737,0.8371428571428572,0.8787878787878788,-0.4727403946835879,-0.4575268500725369,141,0
F5,compact,0,0.05,1426,1426,0,15.7848666502304,15.7848666502304,14.66569021086399,26.51546482676721,-0.5231510959282484,0.7967275780542236,0.825,-0.2817028105685576,-0.2603989298540641,59,33
F5,compact,0,0.1,1426,1426,0,14.82111395160114,14.82111395160114,13.18740723010881,23.97406515368922,-0.5674521339664462,0.8044085499149867,0.8260869565217391,-0.2959278866604154,-0.2619902916312691,59,31
F5,compact,0,0.2,1426,1426,0,12.7978471160938,12.7978471160938,11.39488645068074,20.35517136779002,-0.490085755836418,0.8196153846153846,0.8518518518518519,-0.3116951821137746,-0.2673535976309011,59,27
F5,compact,1,0.05,1557,1557,0,10.58570648890783,10.58570648890783,9.919835609189729,20.19471587902456,-0.2501306711766595,0.8109756097560976,0.8421052631578947,-0.3617998054327019,-0.3219725181337286,171,42
F5,compact,1,0.1,1557,1557,0,10.00938060618268,10.00938060618268,9.015879104642774,18.39896964473544,-0.3463242222460998,0.8269230769230769,0.8333333333333334,-0.367730635722428,-0.3321699016161627,171,30
F5,compact,1,0.2,1557,1557,0,8.857016857756035,8.857016857756035,7.974696294832225,16.5562277724174,-0.3409357275471301,0.8348623853211009,0.8823529411764706,-0.3889838744122334,-0.3487968307152663,171,17
F5,compact,2,0.05,1490,1490,0,14.73662429401918,14.73662429401918,13.9505829698756,24.54949619728761,-0.3430050559456648,0.819226750261233,0.8461538461538461,-0.3163539841053887,-0.2917552370714613,98,39
F5,compact,2,0.1,1490,1490,0,13.58732161873943,13.58732161873943,12.72644868187442,23.09541811735591,-0.4051833045177498,0.8203753351206434,0.8461538461538461,-0.3376401054199316,-0.3009097136489932,98,36
F5,compact,2,0.2,1490,1490,0,12.11550081451546,12.11550081451546,11.13267201059556,20.39016547448646,-0.4357900461511961,0.83001255617235,0.875,-0.3474128602481967,-0.3097932463867905,98,26
F5,compact,3,0.05,1524,1524,0,14.33613306205737,14.33613306205737,13.3023080608321,25.10871556279001,-0.4582697728454193,0.810609112709832,0.8333333333333334,-0.3584977100406394,-0.3254783920338215,187,78
F5,compact,3,0.1,1524,1524,0,12.89012907240572,12.89012907240572,11.84650902670461,23.2999368613068,-0.3855258337931202,0.8426501035196687,0.8571428571428571,-0.3667476966281232,-0.3239746036018772,187,66
F5,compact,3,0.2,1524,1524,0,11.14680595997311,11.14680595997311,10.39925532288008,20.22722433371298,-0.2841120687410799,0.8368421052631579,0.8787878787878788,-0.3698518910715529,-0.3244216467925526,187,50
F5,compact,4,0.05,1648,1648,0,13.3560071797468,13.3560071797468,12.38883248647555,23.67023958400148,-0.4846332148766725,0.7758215962441315,0.7966101694915254,-0.2429224687518241,-0.2224699084420809,64,24
F5,compact,4,0.1,1648,1648,0,12.1114498651942,12.1114498651942,11.37666537342903,22.51514841054082,-0.5046074983373048,0.7873372502085374,0.8148148148148148,-0.2623762838392118,-0.236706438237358,64,18
F5,compact,4,0.2,1648,1648,0,10.54350077816071,10.54350077816071,10.12166283989391,19.37432823004449,-0.2302420293076235,0.8041812354312354,0.8888888888888888,-0.2590208022106856,-0.2308342910955658,64,16
F5,compact,5,0.05,1503,1503,0,12.97913199717427,12.97913199717427,12.1960259232294,22.31716526523535,-0.3900302744659694,0.7648514851485149,0.8048780487804879,-0.2775084339918627,-0.2621264680882731,111,44
F5,compact,5,0.1,1503,1503,0,12.00345535647582,12.00345535647582,10.96125636884964,20.56015790898427,-0.5775280571390233,0.788034188034188,0.8055555555555556,-0.2804124412590803,-0.2593678622865893,111,36
F5,compact,5,0.2,1503,1503,0,10.2465402539729,10.2465402539729,9.525930806558394,18.11754158266396,-0.4491822211988303,0.8076923076923077,0.8666666666666667,-0.308668317952304,-0.2764405107681343,111,19
F5,compact,6,0.05,1743,1743,0,11.88376193570137,11.88376193570137,10.93465223671399,23.24576857278706,-0.2913619211179395,0.8074807480748075,0.8125,-0.2765012474990962,-0.2505955971294114,96,34
F5,compact,6,0.1,1743,1743,0,10.75995888211051,10.75995888211051,9.878735776416534,21.65523809008844,-0.3228273376350002,0.8198198198198198,0.8536585365853658,-0.2707695596333539,-0.2468923405460874,96,30
F5,compact,6,0.2,1743,1743,0,9.227129065469123,9.227129065469123,8.704685026679318,18.92927041709762,-0.2019097146704993,0.831081081081081,0.8823529411764706,-0.2578756498941552,-0.220817336030551,96,27
F5,compact,7,0.05,1523,1523,0,12.78952645774943,12.78952645774943,12.05747386829027,23.97529692583678,-0.2875163350928158,0.8204134366925064,0.8461538461538461,-0.3310543189438662,-0.3107571766423384,138,72
F5,compact,7,0.1,1523,1523,0,11.75864601284024,11.75864601284024,10.96455783816947,21.68837461903553,-0.2745688655601288,0.8161616161616162,0.8709677419354839,-0.33181091546501,-0.3030998486270249,138,64
F5,compact,7,0.2,1523,1523,0,10.61009941382534,10.61009941382534,9.857154727077248,19.08206795299486,-0.3088070159324499,0.8402061855670103,0.8888888888888888,-0.3502711035627343,-0.3270295999247412,138,41
F5,compact,8,0.05,1556,1556,0,25.48942351858393,25.48942351858393,22.981806276025,57.3369599071271,-0.9145004717736764,0.8189479761788356,0.8378378378378378,-0.4087672121187421,-0.358441558855236,219,173
F5,compact,8,0.1,1556,1556,0,22.91304614684964,22.91304614684964,20.28741234614075,52.27460502779222,-1.09759297928884,0.8225255972696246,0.8571428571428571,-0.4006508080249155,-0.3518968092377886,219,166
F5,compact,8,0.2,1556,1556,0,19.31937585174737,19.31937585174737,16.93617004394991,44.28812683230892,-0.7158578253944126,0.8440551680405834,0.875,-0.4150241683531726,-0.3767675152334995,219,126
F5,compact,9,0.05,1264,1264,0,17.04588973327256,17.04588973327256,16.07240326436602,28.78802006726668,-0.5567995619014408,0.8375634517766497,0.8409090909090909,-0.2620338730863898,-0.2356889222650305,85,50
F5,compact,9,0.1,1264,1264,0,16.03102727324141,16.03102727324141,14.96239959956424,26.81902018100797,-0.5353595439199594,0.8158711985688729,0.8372093023255814,-0.2785819333635747,-0.2485241594685002,85,39
F5,compact,9,0.2,1264,1264,0,13.644522434099,13.644522434099,12.65963404774304,23.04840334289705,-0.6178731283142298,0.828301241882192,0.872983870967742,-0.3028020707521647,-0.2668792791323862,85,29
F5,reference,0,0.05,932,932,0,1.690732758074912,1.690732758074912,1.621466347964256,3.147125876533144,-0.02808585756432166,0.858560794044665,0.8333333333333334,-0.4358856691528621,-0.434027629908774,186,0
F5,reference,0,0.1,932,932,0,1.627763147991133,1.627763147991133,1.546793508554644,3.111927579436706,-0.02552078535548596,0.8747203579418344,0.8582589285714286,-0.4395778975493446,-0.4302172775963757,186,0
F5,reference,0,0.2,932,932,0,1.514016690364148,1.514016690364148,1.480628293324365,2.946636640255078,-0.01003729743577048,0.8775909431449262,0.8888888888888888,-0.4375546567689429,-0.4003454898490882,186,0
F5,reference,1,0.05,926,926,0,1.685017692559149,1.685017692559149,1.617952082964548,3.760591707288497,-0.03172217482450213,0.8792962711025911,0.84375,-0.5097084696094949,-0.505818868838433,238,0
F5,reference,1,0.1,926,926,0,1.587748362097009,1.587748362097009,1.551806608828163,3.564620812063835,-0.01250566330108566,0.8914115646258504,0.9166666666666666,-0.519091274377399,-0.4980390023272029,238,0
F5,reference,1,0.2,926,926,0,1.523915705627015,1.523915705627015,1.441652660359631,3.277794800295572,-0.01347345115136456,0.8821292775665399,0.9130434782608696,-0.5039281198621927,-0.4772254844120473,238,0
F5,reference,2,0.05,874,874,0,1.849276459071647,1.849276459071647,1.743420880356971,3.306098002619321,-0.02701352309826466,0.8803704093289726,0.8666666666666667,-0.307546194037312,-0.2834779193613797,124,0
F5,reference,2,0.1,874,874,0,1.781521979999428,1.781521979999428,1.68629185340477,3.268913985127901,-0.01761427249706138,0.8660968660968661,0.875,-0.3037349806609757,-0.2839921587923192,124,0
F5,reference,2,0.2,874,874,0,1.706952534896722,1.706952534896722,1.637312695573427,3.039569193117927,-0.0162413110031534,0.8452174589417072,0.875,-0.2901972367044909,-0.261156279313254,124,0
F5,reference,3,0.05,943,943,0,1.60563981200725,1.60563981200725,1.533980299198418,3.526969785750243,-0.01296693166808516,0.8629441624365483,0.8709677419354839,-0.4075771702124177,-0.4058515852702613,229,0
F5,reference,3,0.1,943,943,0,1.566476235493482,1.566476235493482,1.475835675473846,3.399982220245094,-0.01958185226125897,0.8823529411764706,0.8620689655172413,-0.4154780922377985,-0.4101567468333461,229,0
F5,reference,3,0.2,943,943,0,1.48713447913918,1.48713447913918,1.395284346590752,3.27771011110189,-0.02804437401866905,0.9018867924528302,0.9,-0.4097908771473504,-0.3932875026230654,229,0
F5,reference,4,0.05,945,945,0,1.690668983412459,1.690668983412459,1.599363874904657,3.432535818649608,-0.031233773438057,0.8370535714285714,0.8387096774193549,-0.3795435349041972,-0.3707864016594801,195,0
F5,reference,4,0.1,945,945,0,1.613258677836957,1.613258677836957,1.564363845373959,3.352177317290908,-0.02717639798027194,0.8567493112947658,0.8214285714285714,-0.3762955872139949,-0.3620563282467106,195,0
F5,reference,4,0.2,945,945,0,1.524078848288824,1.524078848288824,1.479811900930595,3.126657699896219,-0.03743947905271405,0.8652482269503546,0.8518518518518519,-0.3762100280921724,-0.3505317406283114,195,0
F5,reference,5,0.05,905,905,0,1.919043144135726,1.919043144135726,1.785128393430073,3.465277536849231,-0.0610217362629778,0.8124031007751938,0.8225806451612904,-0.2097552197689227,-0.1548731982192739,152,0
F5,reference,5,0.1,905,905,0,1.823885568118011,1.823885568118011,1.69409522257172,3.20485649215049,-0.03817613645154516,0.8305084745762712,0.85,-0.2272081072321197,-0.1515174023597309,152,0
F5,reference,5,0.2,905,905,0,1.734557830400923,1.734557830400923,1.610305483536991,3.042555354041888,-0.04816427422691993,0.8323699421965318,0.8055555555555556,-0.2192765646193195,-0.115767858015939,152,0
F5,reference,6,0.05,928,928,0,1.697865248666492,1.697865248666492,1.670404903566143,3.323601942022377,-0.003921668757010388,0.886038961038961,0.8787878787878788,-0.2983629185386406,-0.2928604535453176,200,0
F5,reference,6,0.1,928,928,0,1.686811328491034,1.686811328491034,1.63739313124034,3.207649420925675,-0.01569199985183639,0.8742234826561717,0.8823529411764706,-0.295414878779219,-0.2865921264602057,200,0
F5,reference,6,0.2,928,928,0,1.602024219832967,1.602024219832967,1.562610258285817,3.061090335381323,-0.008588640371888001,0.900355871886121,0.8888888888888888,-0.2792424030024136,-0.2821704271914332,200,0
F5,reference,7,0.05,974,974,0,1.65049127503615,1.65049127503615,1.579013254288573,3.187530334577199,-0.02651748417508376,0.850045674935001,0.8461538461538461,-0.3780973733547856,-0.3719305273338926,242,0
F5,reference,7,0.1,974,974,0,1.592188519998101,1.592188519998101,1.52799237564226,3.256909008926223,-0.02612922433401166,0.8666666666666667,0.8387096774193549,-0.3715311807687682,-0.3612294289847361,242,0
F5,reference,7,0.2,974,974,0,1.504200959549223,1.504200959549223,1.423559574965701,2.939290118370978,-0.01587650422397702,0.8802819801762719,0.8888888888888888,-0.3721772390964184,-0.3469162377073092,242,0
F5,reference,8,0.05,925,925,0,1.691420193269211,1.691420193269211,1.614831429664852,3.428959888322852,-0.02355119685900897,0.8516949152542372,0.8536585365853658,-0.350460144023859,-0.3497657546469642,178,0
F5,reference,8,0.1,925,925,0,1.603108140432281,1.603108140432281,1.540832599000252,3.303688621308289,-0.01445560407490853,0.8605898123324397,0.8529411764705882,-0.3517724304765342,-0.3410640996386137,178,0
F5,reference,8,0.2,925,925,0,1.546295990669186,1.546295990669186,1.490700023149159,3.086187244435032,-0.005879665945772938,0.8928571428571429,0.8636363636363636,-0.356027494774795,-0.3506541873280534,178,0
F5,reference,9,0.05,944,944,0,1.590562531466203,1.590562531466203,1.474003480032474,3.362438791110466,-0.03545111650052352,0.8653295128939829,0.8285714285714286,-0.5173624038588003,-0.5184133488876735,205,0
F5,reference,9,0.1,944,944,0,1.467519179996356,1.467519179996356,1.398763720929943,3.242491971895178,-0.02387983211610289,0.8835820895522388,0.8846153846153846,-0.522974490825022,-0.5090655242271973,205,0
F5,reference,9,0.2,944,944,0,1.402105678131802,1.402105678131802,1.327937323515846,3.021814083742911,-0.03029267170368455,0.8802816901408451,0.925925925925926,-0.5230964263532519,-0.5038533081930462,205,0
