feature,structure,cutoff,folds,matched_pairs,nonempty_pairs,empty_pairs,median_fold_D_parent_dB,median_fold_D_common_dB,min_fold_D_common_dB,max_fold_D_common_dB,median_fold_paired_delta_dB,median_fold_row_retention,median_fold_group_retention,median_fold_rho_parent,median_fold_rho_common,high_J_n,high_J_Dgt10,high_J_Dgt10_fraction
F4,compact,0.05,10,16250,16250,0,14.32626429583744,13.41792616355462,10.30157123637223,22.86314942789043,-0.4230796041236429,0.8225076279816017,0.8371212121212122,-0.2959903777478823,-0.2732192908808558,1933,959,0.496120020693223
F4,compact,0.1,10,16250,16250,0,12.95797400555869,12.19387869536155,9.28486796893668,20.65565499853103,-0.3342448525025978,0.837320705682443,0.8927203065134099,-0.300359896002547,-0.2714265158449331,1933,811,0.4195550957061562
F4,compact,0.2,10,16250,16250,0,11.17661363151674,10.62253738275722,8.225119626293257,17.72078257637904,-0.2156688038089011,0.8306698528525993,0.8873015873015873,-0.319245139518319,-0.2774074829140439,1933,679,0.3512674599068805
F4,reference,0.05,10,9596,9596,0,2.215621239459761,2.062132012380515,1.841014758667519,4.775685034851948,-0.08990937709853608,0.8372796608074365,0.8607881136950905,-0.4295988344788156,-0.3950458398564592,1554,3,0.001930501930501931
F4,reference,0.1,10,9596,9596,0,2.117130404076581,1.959558851879336,1.764704312208167,4.448796698979988,-0.07912546917296648,0.8466368172984833,0.8688172043010753,-0.4364529123354399,-0.3951131491162529,1554,3,0.001930501930501931
F4,reference,0.2,10,9596,9596,0,2.020790775282015,1.850622762395832,1.668814270966856,4.044005528875012,-0.07386571288356802,0.8478495077190285,0.8768939393939394,-0.4357246419667225,-0.3776424806684394,1554,1,0.0006435006435006435
F5,compact,0.05,10,15234,15234,0,13.84607012090208,12.84557027365383,9.919835609189729,22.981806276025,-0.4241500236556943,0.8107923612329648,0.8355855855855856,-0.2990283973369732,-0.2769408525798672,1228,589,0.4796416938110749
F5,compact,0.1,10,15234,15234,0,12.50078946879996,11.61158720006682,9.015879104642774,20.28741234614075,-0.4548954014275273,0.817990717990718,0.8416815742397138,-0.3138694010627127,-0.2814500026401311,1228,516,0.4201954397394137
F5,compact,0.2,10,15234,15234,0,10.87845268689923,10.260459081387,7.974696294832225,16.93617004394991,-0.3883628868491631,0.8305468186267155,0.8768939393939394,-0.3295540211809856,-0.2931168785774624,1228,378,0.3078175895765473
F5,reference,0.05,10,9296,9296,0,1.690700870743685,1.6163917563147,1.474003480032474,1.785128393430073,-0.02754969033129316,0.8607524782406066,0.8449519230769231,-0.3788204541294914,-0.3713584644966864,1949,0,0
F5,reference,0.1,10,9296,9296,0,1.608183409134619,1.549300058691403,1.398763720929943,1.69409522257172,-0.02173084218868093,0.8704450746614192,0.860163947044335,-0.3739133839913815,-0.3616428786157234,1949,0,0
F5,reference,0.2,10,9296,9296,0,1.52399727695792,1.48022009712748,1.327937323515846,1.637312695573427,-0.01605890761356521,0.8802818351585585,0.8888888888888888,-0.3741936335942954,-0.3505929639781824,1949,0,0
