row_id,y,TSK,ET,frequency_Hz
1211,115.857,120.57704075265762,118.96315750000016,315
1212,117.927,119.75775143376876,121.44055749999993,400
1213,117.967,118.99139694133828,125.5799774999999,500
1214,120.657,118.19636045252491,127.92510249999992,630
1215,123.227,117.37292045658386,127.27286250000012,800
1216,134.247,116.60205124193514,125.65499249999962,1000
1217,140.987,115.82933448759157,125.84726750000026,1250
1218,131.817,114.97211453378192,124.06658000000007,1600
1219,127.197,114.19490359055668,123.5629525000004,2000
1220,126.097,113.41527814061548,123.21452499999948,2500
1221,124.127,112.60507725453886,122.72223499999974,3150
1222,123.917,111.76446732018992,121.77133500000028,4000
1223,125.727,110.97620281269045,120.6407849999992,5000
1224,123.127,110.15646785775604,116.68549749999958,6300
1225,121.657,109.30537046876648,114.98674750000004,8000
