feature,fold,structure,branch,expected,success,fail
F4,0,compact,fixed,500,500,0
F4,0,compact,relearn,200,200,0
F4,0,reference,fixed,500,500,0
F4,0,reference,relearn,200,200,0
F4,1,compact,fixed,500,500,0
F4,1,compact,relearn,200,200,0
F4,1,reference,fixed,500,500,0
F4,1,reference,relearn,200,200,0
F4,2,compact,fixed,500,500,0
F4,2,compact,relearn,200,200,0
F4,2,reference,fixed,500,500,0
F4,2,reference,relearn,200,200,0
F4,3,compact,fixed,500,500,0
F4,3,compact,relearn,200,200,0
F4,3,reference,fixed,500,500,0
F4,3,reference,relearn,200,200,0
F4,4,compact,fixed,500,500,0
F4,4,compact,relearn,200,200,0
F4,4,reference,fixed,500,500,0
F4,4,reference,relearn,200,200,0
F4,5,compact,fixed,500,500,0
F4,5,compact,relearn,200,200,0
F4,5,reference,fixed,500,500,0
F4,5,reference,relearn,200,200,0
F4,6,compact,fixed,500,500,0
F4,6,compact,relearn,200,200,0
F4,6,reference,fixed,500,500,0
F4,6,reference,relearn,200,200,0
F4,7,compact,fixed,500,500,0
F4,7,compact,relearn,200,200,0
F4,7,reference,fixed,500,500,0
F4,7,reference,relearn,200,200,0
F4,8,compact,fixed,500,500,0
F4,8,compact,relearn,200,200,0
F4,8,reference,fixed,500,500,0
F4,8,reference,relearn,200,200,0
F4,9,compact,fixed,500,500,0
F4,9,compact,relearn,200,200,0
F4,9,reference,fixed,500,500,0
F4,9,reference,relearn,200,200,0
F5,0,compact,fixed,500,500,0
F5,0,compact,relearn,200,199,1
F5,0,reference,fixed,500,500,0
F5,0,reference,relearn,200,200,0
F5,1,compact,fixed,500,500,0
F5,1,compact,relearn,200,200,0
F5,1,reference,fixed,500,500,0
F5,1,reference,relearn,200,200,0
F5,2,compact,fixed,500,500,0
F5,2,compact,relearn,200,200,0
F5,2,reference,fixed,500,500,0
F5,2,reference,relearn,200,199,1
F5,3,compact,fixed,500,500,0
F5,3,compact,relearn,200,200,0
F5,3,reference,fixed,500,500,0
F5,3,reference,relearn,200,200,0
F5,4,compact,fixed,500,500,0
F5,4,compact,relearn,200,200,0
F5,4,reference,fixed,500,500,0
F5,4,reference,relearn,200,200,0
F5,5,compact,fixed,500,500,0
F5,5,compact,relearn,200,200,0
F5,5,reference,fixed,500,500,0
F5,5,reference,relearn,200,200,0
F5,6,compact,fixed,500,500,0
F5,6,compact,relearn,200,200,0
F5,6,reference,fixed,500,500,0
F5,6,reference,relearn,200,200,0
F5,7,compact,fixed,500,500,0
F5,7,compact,relearn,200,200,0
F5,7,reference,fixed,500,500,0
F5,7,reference,relearn,200,200,0
F5,8,compact,fixed,500,500,0
F5,8,compact,relearn,200,200,0
F5,8,reference,fixed,500,500,0
F5,8,reference,relearn,200,200,0
F5,9,compact,fixed,500,500,0
F5,9,compact,relearn,200,200,0
F5,9,reference,fixed,500,500,0
F5,9,reference,relearn,200,200,0
