feature_set,model,rows,groups,equal_config_RMSE,row_RMSE,row_MAE,row_R2,row_bias_pred_minus_true,group_RMSE_median,group_RMSE_p90,worst_group_id,worst_group_RMSE
F4,extra_trees,1503,106,2.6873704580839766,2.713464759303362,1.8873703542914133,0.845186666576079,0.001752253825701413,1.808770094405343,3.9332517125096715,G089,8.644170843887787
F4,xgboost,1503,106,2.705073488596192,2.7233381376232275,1.8436240944777111,0.844057990401501,-0.06992497671324044,1.790210919762242,3.743274163987628,G106,8.576284190442141
F4,svr,1503,106,2.9563741522764757,2.964817728878535,2.0563343203639866,0.8151770113754111,-0.013928683930043649,2.146753011988864,4.142305516596537,G106,8.970711657806953
F4,TSK-LS-min_error,1503,106,3.74706630508449,3.7512093396502975,2.763350151540993,0.7041288684073841,-0.1652070585590683,3.1428827998069386,5.426600242174459,G106,11.373281506570024
F4,TSK-Ridge-min_error,1503,106,3.8427541295773806,3.824247968624918,2.7954438979157175,0.6924950720330829,-0.16683317546599505,3.0982791077322203,5.42700635426578,G106,11.358921867890865
F4,TSK-LS-at-RidgeStructure,1503,106,3.882215338340308,3.8683237870435767,2.8507905868575056,0.685366017580926,-0.049909312231966756,3.0680147379352514,5.568720182585245,G106,10.95230569529341
F4,TSK-Ridge-oneSE,1503,106,3.9498697844770176,3.9251561404340514,2.8783327013726865,0.6760530722803382,-0.004723914372619606,3.1815248427459846,5.571096365514178,G106,10.727090875124777
F4,TSK-LS-oneSE,1503,106,4.039473556214183,4.019400757801595,2.949597823627934,0.660310118297689,-0.006979869232014016,3.1515105795516423,5.858272666718957,G106,10.952305695293417
F4,TSK-Ridge-fixedR6h1,1503,106,4.738227615888088,4.742953729007067,3.724926604585727,0.5270036751593794,-0.026818964944867803,4.166636093982886,6.594129494849858,G106,8.808207001379612
F4,linear_ridge,1503,106,5.132590148481075,5.167325463484202,4.067130651051412,0.4385751605309407,-0.005790656792637877,4.482499698554986,6.998305363229587,G100,9.408120036542195
F5,extra_trees,1503,106,2.381163360828222,2.4039224001703943,1.6678882235528865,0.8784931172253315,-0.01167478043911269,1.6570155374140918,3.6692932569136714,G089,6.943493211736475
F5,xgboost,1503,106,2.6484068602811757,2.6600444568066313,1.8599042634730538,0.8512223205236563,0.02669870126413834,1.8713176164711154,3.9812470063867105,G106,8.409660470246587
F5,svr,1503,106,2.7388358359789837,2.739436058249481,1.8270835976828552,0.8422089643859509,-0.10891232906874564,1.9631221208434408,3.6907391222673,G106,12.931794731190768
F5,TSK-Ridge-min_error,1503,106,4.069012518841342,4.053146120408488,3.0353621517068428,0.6545823602322485,-0.07338319567398416,3.3822447903690587,5.748566268401346,G106,11.590052989624397
F5,TSK-Ridge-oneSE,1503,106,4.1664752143156845,4.158614184607371,3.081548430032848,0.6363720548142415,-0.1215549799808211,3.4697124736705227,5.593084682481539,G106,12.763777247641242
F5,TSK-LS-min_error,1503,106,4.3149037560311365,4.329000458460925,3.2096180601370876,0.6059645874298446,-0.11325088143583947,3.4969882594695596,6.322020280072759,G106,13.46581404512107
F5,TSK-LS-at-RidgeStructure,1503,106,4.3509703698482385,4.366947291135793,3.2498527112385163,0.5990262974865297,-0.15709074120080485,3.5320856318353124,6.119658570320206,G106,13.46581404512107
F5,TSK-LS-oneSE,1503,106,4.394883960499028,4.415452895052183,3.2882992746758193,0.5900692447867478,-0.06479222967514887,3.6327519154270664,6.119658570320206,G106,13.46581404512107
F5,TSK-Ridge-fixedR6h1,1503,106,4.96010401150868,4.988436574855788,3.9430827785735927,0.4767745017264885,-0.04950180787525775,4.455902407180165,6.840610688318479,G106,9.509233721476296
F5,linear_ridge,1503,106,5.060622814542587,5.088961737007524,3.9491152488862373,0.4554743254548388,0.01956935193362856,4.488586091675847,6.876453606899123,G101,10.052115583127165
