feature,structure,branch,fit,successful_draws,failed_draws,median_pred_disp_rms,median_local_disp_rms,median_coefficient_sd,median_rule_match_fraction
F4,compact,fixed,LS,5000,0,2.3605523024897446,15.821230705574422,8.156802547919012,1.0
F4,compact,fixed,Ridge,5000,0,1.550495561959241,6.711694486319007,3.930049063603989,1.0
F4,compact,relearn,LS,2000,0,3.1109924434604714,25.9542791978207,12.403666019145039,0.7926666666666666
F4,compact,relearn,Ridge,2000,0,2.173318728428647,11.511160547294612,6.8383122139492745,0.7926666666666666
F4,reference,fixed,LS,5000,0,1.5915235330066761,3.4705583175138974,2.053159936499379,1.0
F4,reference,fixed,Ridge,5000,0,0.994568779971319,1.4284350547842581,0.7924259514661576,1.0
F4,reference,relearn,LS,2000,0,2.1378582595789277,5.234804467370368,2.8953199630959854,0.8133333333333332
F4,reference,relearn,Ridge,2000,0,1.4205015656475213,2.334076301812149,1.3543237025223327,0.8133333333333332
F5,compact,fixed,LS,5000,0,3.4265737170728556,21.862935242240425,16.808475393308314,1.0
F5,compact,fixed,Ridge,5000,0,1.6061669239596439,6.758446365157623,4.214172236771782,1.0
F5,compact,relearn,LS,1999,1,10.512713080891253,30.993979709137182,23.435092939651597,0.7565
F5,compact,relearn,Ridge,1999,1,2.4789942166881023,11.475944831034425,6.954274506467749,0.7565
F5,reference,fixed,LS,5000,0,2.4942020714235564,5.421291702926974,4.866391901174367,1.0
F5,reference,fixed,Ridge,5000,0,0.9709823881038826,1.226438547866358,0.5725758360424091,1.0
F5,reference,relearn,LS,1999,1,2.919573598705157,7.558639717498702,5.931170177220622,0.7749999999999999
F5,reference,relearn,Ridge,1999,1,1.4403563695242863,2.334939952877198,0.9807865963777975,0.7749999999999999
