contrast,A,B,difference_equal_config_RMSE_dB,conditional_low_2p5,conditional_high_97p5,resamples,independent_retraining,p_value
F5 minus F4 compact ridge,F5:TSK-Ridge-oneSE,F4:TSK-Ridge-oneSE,0.21660542983866682,-0.012842624325657012,0.4452462457894571,2000,False,
F5 compact ridge minus LS independent selection,F5:TSK-Ridge-oneSE,F5:TSK-LS-oneSE,-0.2284087461833435,-0.418863262791645,-0.0685156092996507,2000,False,
F4 compact ridge minus LS independent selection,F4:TSK-Ridge-oneSE,F4:TSK-LS-oneSE,-0.0896037717371656,-0.24856645506484595,0.08918095874303951,2000,False,
F5 ridge minus unpenalized identical structure,F5:TSK-Ridge-oneSE,F5:TSK-LS-at-RidgeStructure,-0.18449515553255402,-0.36602532665067194,-0.038439395794414036,2000,False,
F4 ridge minus unpenalized identical structure,F4:TSK-Ridge-oneSE,F4:TSK-LS-at-RidgeStructure,0.0676544461367099,-0.07514498098097419,0.23383252476007527,2000,False,
F5 oneSE minus min error,F5:TSK-Ridge-oneSE,F5:TSK-Ridge-min_error,0.09746269547434228,-0.042420377482994445,0.22873198824173288,2000,False,
F4 oneSE minus min error,F4:TSK-Ridge-oneSE,F4:TSK-Ridge-min_error,0.10711565489963704,-0.0040810943889293735,0.21945065080953124,2000,False,
F5 compact ridge minus linear_ridge,F5:TSK-Ridge-oneSE,F5:linear_ridge,-0.8941476002269031,-1.2436010881759896,-0.5098379464726076,2000,False,
F5 compact ridge minus svr,F5:TSK-Ridge-oneSE,F5:svr,1.4276393783367007,1.0916092506256518,1.7809976657165856,2000,False,
F5 compact ridge minus extra_trees,F5:TSK-Ridge-oneSE,F5:extra_trees,1.7853118534874626,1.4617679371308545,2.1013200285585514,2000,False,
F5 compact ridge minus xgboost,F5:TSK-Ridge-oneSE,F5:xgboost,1.5180683540345088,1.178873139980113,1.8384243759047334,2000,False,
extra_trees F5 minus F4,F5:extra_trees,F4:extra_trees,-0.3062070972557547,-0.4164972933050735,-0.19559574802034216,2000,False,
xgboost F5 minus F4,F5:xgboost,F4:xgboost,-0.05666662831501634,-0.17385248367719436,0.0482312319167819,2000,False,
