feature,model,group_row_RMSE,group_equal_configuration_RMSE,row_row_RMSE,row_equal_configuration_RMSE
F4,linear_ridge,5.167325463484202,5.132590148481075,5.147642186213158,5.11393178474983
F4,svr,2.964817728878535,2.9563741522764757,1.4523413138500822,1.458437446960379
F4,extra_trees,2.713464759303362,2.6873704580839766,1.527537867652428,1.5539875757996522
F4,xgboost,2.7233381376232275,2.705073488596192,1.867716340942284,1.8906649124724142
F4,TSK-LS-oneSE,4.019400757801595,4.039473556214183,3.0886757289812996,3.1374506918712908
F4,TSK-Ridge-oneSE,3.9251561404340514,3.9498697844770176,3.0876720115906,3.1387130373251955
F5,linear_ridge,5.088961737007524,5.060622814542587,5.060928830499237,5.035324054323447
F5,svr,2.739436058249481,2.7388358359789837,1.3567742534741163,1.358307446332266
F5,extra_trees,2.4039224001703943,2.381163360828222,1.3435660128191504,1.3688652401585581
F5,xgboost,2.6600444568066313,2.6484068602811757,1.677537872129509,1.6902524968937924
F5,TSK-LS-oneSE,4.415452895052183,4.394883960499028,3.239517436285468,3.286869705110972
F5,TSK-Ridge-oneSE,4.158614184607371,4.1664752143156845,3.2369809548031587,3.286054928164267
