feature,mode,form,model,row_RMSE,equal_configuration_RMSE
F4,group,log,TSK-LS-min_error,3.7512093396502975,3.74706630508449
F4,group,log,TSK-LS-oneSE,4.019400757801595,4.039473556214183
F4,group,log,TSK-Ridge-fixedR6h1,4.742953729007067,4.738227615888088
F4,group,log,TSK-Ridge-min_error,3.824247968624918,3.8427541295773806
F4,group,log,TSK-Ridge-oneSE,3.9251561404340514,3.9498697844770176
F4,group,raw,TSK-LS-min_error,4.292666329746197,4.263108887862614
F4,group,raw,TSK-LS-oneSE,4.499354101387091,4.47215184441796
F4,group,raw,TSK-Ridge-fixedR6h1,4.731041135966456,4.691923345880973
F4,group,raw,TSK-Ridge-min_error,4.174459271183835,4.1578025277431045
F4,group,raw,TSK-Ridge-oneSE,4.426224963691422,4.4021004850205445
F4,row,log,TSK-LS-min_error,3.0886757289812996,3.1374506918712908
F4,row,log,TSK-LS-oneSE,3.0886757289812996,3.1374506918712908
F4,row,log,TSK-Ridge-fixedR6h1,4.5166630197752555,4.549592091333289
F4,row,log,TSK-Ridge-min_error,3.0876720115906,3.1387130373251955
F4,row,log,TSK-Ridge-oneSE,3.0876720115906,3.1387130373251955
F5,group,log,TSK-LS-min_error,4.329000458460925,4.3149037560311365
F5,group,log,TSK-LS-oneSE,4.415452895052183,4.394883960499028
F5,group,log,TSK-Ridge-fixedR6h1,4.988436574855788,4.96010401150868
F5,group,log,TSK-Ridge-min_error,4.053146120408488,4.069012518841342
F5,group,log,TSK-Ridge-oneSE,4.158614184607371,4.1664752143156845
F5,group,raw,TSK-LS-min_error,4.528539354177097,4.487417406404107
F5,group,raw,TSK-LS-oneSE,4.551468292715031,4.519383068210782
F5,group,raw,TSK-Ridge-fixedR6h1,4.465371061147511,4.431758233512273
F5,group,raw,TSK-Ridge-min_error,4.605994599839506,4.555492412027833
F5,group,raw,TSK-Ridge-oneSE,4.598887642938644,4.565061256055159
F5,row,log,TSK-LS-min_error,3.239517436285468,3.286869705110972
F5,row,log,TSK-LS-oneSE,3.239517436285468,3.286869705110972
F5,row,log,TSK-Ridge-fixedR6h1,4.816175286454981,4.789234227016866
F5,row,log,TSK-Ridge-min_error,3.2369809548031587,3.286054928164267
F5,row,log,TSK-Ridge-oneSE,3.2369809548031587,3.286054928164267
